Column1,Column2,Column3,Column4,Column5,,,
0,0.4236898948,0.5,TRUE,13,,0.8211906789,0.8447112211
1,0.4726369966,0.503,TRUE,14,,,
2,0.5205646121,0.5065,TRUE,16,,,
3,0.5662375109,0.5105,TRUE,18,,,
4,0.6108926456,0.5153333333,TRUE,21,,,
5,0.6520603473,0.5205,TRUE,24,,,
6,0.6918056017,0.526,TRUE,29,,,
7,0.7305692446,0.5325,TRUE,31,,,
8,0.7681331483,0.5403333333,TRUE,33,,,
9,0.8042116824,0.5486666667,TRUE,39,,,
10,0.8371934445,0.5575,TRUE,47,,,
11,0.868503391,0.5671666667,TRUE,50,,,
12,0.8961523377,0.5771666667,TRUE,53,,,
13,0.9216449594,0.5871666667,TRUE,58,,,
14,0.9456568147,0.5971666667,TRUE,60,,,
15,0.9650977133,0.6071666667,TRUE,60,,,
16,0.9799179244,0.6171666667,TRUE,60,,,
17,0.9895315518,0.6271666667,TRUE,60,,,
18,0.9965343927,0.6371666667,TRUE,60,,,
19,0.99922436,0.6471666667,TRUE,60,,,
20,1,0.6571666667,TRUE,60,,,
21,1,0.6671666667,TRUE,60,,,
22,1,0.6771666667,TRUE,60,,,
23,1,0.6871666667,TRUE,60,,,
24,1,0.6971666667,TRUE,60,,,
25,1,0.7071666667,TRUE,60,,,
26,1,0.7171666667,TRUE,60,,,
27,1,0.7271666667,TRUE,60,,,
28,1,0.7371666667,TRUE,60,,,
29,1,0.7471666667,TRUE,60,,,
30,1,0.7571666667,FALSE,60,,,
31,0.98,0.7671666667,FALSE,60,,,
32,0.96,0.7771666667,FALSE,60,,,
33,0.94,0.7871666667,FALSE,60,,,
34,0.92,0.7971666667,FALSE,60,,,
35,0.9,0.8071666667,FALSE,60,,,
36,0.88,0.8171666667,FALSE,60,,,
37,0.86,0.8271666667,FALSE,60,,,
38,0.84,0.8371666667,FALSE,60,,,
39,0.82,0.8471666667,FALSE,60,,,
40,0.8,0.8571666667,FALSE,60,,,
41,0.78,0.8671666667,FALSE,60,,,
42,0.76,0.8771666667,FALSE,60,,,
43,0.74,0.8871666667,FALSE,60,,,
44,0.72,0.8971666667,FALSE,60,,,
45,0.7,0.9071666667,FALSE,0,,,
46,0.68,0.9171666667,FALSE,0,,,
47,0.66,0.9271666667,FALSE,0,,,
48,0.64,0.9371666667,FALSE,0,,,
49,0.62,0.9471666667,FALSE,0,,,
50,0.6,0.9471666667,FALSE,0,,,
51,0.58,0.9471666667,FALSE,0,,,
52,0.56,0.9471666667,FALSE,0,,,
53,0.54,0.9471666667,FALSE,0,,,
54,0.52,0.9471666667,FALSE,0,,,
55,0.5,0.9471666667,FALSE,0,,,
56,0.48,0.9471666667,FALSE,0,,,
57,0.46,0.9471666667,FALSE,0,,,
58,0.44,0.9471666667,FALSE,0,,,
59,0.42,0.9471666667,FALSE,0,,,
60,0.4,0.9471666667,TRUE,0,,,
61,0.45,0.9471666667,TRUE,0,,,
62,0.5,0.9471666667,TRUE,0,,,
63,0.55,0.9471666667,TRUE,0,,,
64,0.6,0.9471666667,TRUE,0,,,
65,0.65,0.9571666667,TRUE,0,,,
66,0.7,0.9641666667,TRUE,0,,,
67,0.75,0.9706666667,TRUE,60,,,
68,0.8,0.9766666667,TRUE,60,,,
69,0.85,0.9818333333,TRUE,60,,,
70,0.9,0.9866666667,TRUE,60,,,
71,0.95,0.9911666667,TRUE,60,,,
72,1,0.9946666667,TRUE,60,,,
73,1,0.9968333333,TRUE,60,,,
74,1,0.9985,TRUE,60,,,
75,1,0.9996666667,TRUE,60,,,
76,1,1,TRUE,60,,,
77,1,1,TRUE,60,,,
78,1,1,TRUE,60,,,
79,1,1,TRUE,60,,,
80,1,1,TRUE,60,,,
81,1,1,TRUE,60,,,
82,1,1,TRUE,60,,,
83,1,1,TRUE,60,,,
84,1,1,TRUE,60,,,
85,1,1,TRUE,60,,,
86,1,1,TRUE,60,,,
87,1,1,TRUE,60,,,
88,1,1,TRUE,60,,,
89,1,1,TRUE,60,,,
90,1,1,FALSE,60,,,
91,0.98,1,FALSE,60,,,
92,0.96,1,FALSE,60,,,
93,0.94,1,FALSE,60,,,
94,0.92,1,FALSE,60,,,
95,0.9,1,FALSE,60,,,
96,0.88,1,FALSE,60,,,
97,0.86,1,FALSE,60,,,
98,0.84,1,FALSE,60,,,
99,0.82,1,FALSE,60,,,
100,0.8,1,FALSE,60,,,
101,0.78,1,FALSE,60,,,
102,0.76,1,FALSE,60,,,
103,0.74,1,FALSE,60,,,
104,0.72,1,FALSE,60,,,
105,0.7,1,FALSE,0,,,
106,0.68,1,FALSE,0,,,
107,0.66,1,FALSE,0,,,
108,0.64,1,FALSE,0,,,
109,0.62,1,FALSE,0,,,
110,0.6,1,FALSE,0,,,
111,0.58,1,FALSE,0,,,
112,0.56,1,FALSE,0,,,
113,0.54,1,FALSE,0,,,
114,0.52,1,FALSE,0,,,
115,0.5,1,FALSE,0,,,
116,0.48,1,FALSE,0,,,
117,0.46,1,FALSE,0,,,
118,0.44,1,FALSE,0,,,
119,0.42,1,FALSE,0,,,
120,0.4,1,TRUE,0,,,
121,0.45,1,TRUE,0,,,
122,0.5,1,TRUE,0,,,
123,0.55,1,TRUE,0,,,
124,0.6,1,TRUE,0,,,
125,0.65,1,TRUE,0,,,
126,0.7,1,TRUE,0,,,
127,0.75,1,TRUE,60,,,
128,0.8,1,TRUE,60,,,
129,0.85,1,TRUE,60,,,
130,0.9,1,TRUE,60,,,
131,0.95,1,TRUE,60,,,
132,1,1,TRUE,60,,,
133,1,1,TRUE,60,,,
134,1,1,TRUE,60,,,
135,1,1,TRUE,60,,,
136,1,1,TRUE,60,,,
137,1,1,TRUE,60,,,
138,1,1,TRUE,60,,,
139,1,1,TRUE,60,,,
140,1,1,TRUE,60,,,
141,1,1,TRUE,60,,,
142,1,1,TRUE,60,,,
143,1,1,TRUE,60,,,
144,1,1,TRUE,60,,,
145,1,1,TRUE,60,,,
146,1,1,TRUE,60,,,
147,1,1,TRUE,60,,,
148,1,1,TRUE,60,,,
149,1,1,TRUE,60,,,
150,1,1,FALSE,60,,,
151,0.98,1,FALSE,60,,,
152,0.96,1,FALSE,60,,,
153,0.94,1,FALSE,60,,,
154,0.92,1,FALSE,60,,,
155,0.9,1,FALSE,60,,,
156,0.88,1,FALSE,60,,,
157,0.86,1,FALSE,60,,,
158,0.84,1,FALSE,60,,,
159,0.82,1,FALSE,60,,,
160,0.8,1,FALSE,60,,,
161,0.78,1,FALSE,60,,,
162,0.76,1,FALSE,60,,,
163,0.74,1,FALSE,60,,,
164,0.72,1,FALSE,60,,,
165,0.7,1,FALSE,0,,,
166,0.68,1,FALSE,0,,,
167,0.66,1,FALSE,0,,,
168,0.64,1,FALSE,0,,,
169,0.62,1,FALSE,0,,,
170,0.6,1,FALSE,0,,,
171,0.58,1,FALSE,0,,,
172,0.56,1,FALSE,0,,,
173,0.54,1,FALSE,0,,,
174,0.52,1,FALSE,0,,,
175,0.5,1,FALSE,0,,,
176,0.48,1,FALSE,0,,,
177,0.46,1,FALSE,0,,,
178,0.44,1,FALSE,0,,,
179,0.42,1,FALSE,0,,,
180,0.4,1,TRUE,0,,,
181,0.45,1,TRUE,0,,,
182,0.5,1,TRUE,0,,,
183,0.55,1,TRUE,0,,,
184,0.6,1,TRUE,0,,,
185,0.65,1,TRUE,0,,,
186,0.7,1,TRUE,0,,,
187,0.75,1,TRUE,60,,,
188,0.8,1,TRUE,60,,,
189,0.85,1,TRUE,60,,,
190,0.9,1,TRUE,60,,,
191,0.95,1,TRUE,60,,,
192,1,1,TRUE,60,,,
193,1,1,TRUE,60,,,
194,1,1,TRUE,60,,,
195,1,1,TRUE,60,,,
196,1,1,TRUE,60,,,
197,1,1,TRUE,60,,,
198,1,1,TRUE,60,,,
199,1,1,TRUE,60,,,
200,1,1,TRUE,60,,,
201,1,1,TRUE,60,,,
202,1,1,TRUE,60,,,
203,1,1,TRUE,60,,,
204,1,1,TRUE,60,,,
205,1,1,TRUE,60,,,
206,1,1,TRUE,60,,,
207,1,1,TRUE,60,,,
208,1,1,TRUE,60,,,
209,1,1,TRUE,60,,,
210,1,1,FALSE,60,,,
211,0.98,1,FALSE,60,,,
212,0.96,1,FALSE,60,,,
213,0.94,1,FALSE,60,,,
214,0.92,1,FALSE,60,,,
215,0.9,1,FALSE,60,,,
216,0.88,1,FALSE,60,,,
217,0.86,1,FALSE,60,,,
218,0.84,1,FALSE,60,,,
219,0.82,1,FALSE,60,,,
220,0.8,1,FALSE,60,,,
221,0.78,1,FALSE,60,,,
222,0.76,1,FALSE,60,,,
223,0.74,1,FALSE,60,,,
224,0.72,1,FALSE,60,,,
225,0.7,1,FALSE,0,,,
226,0.68,1,FALSE,0,,,
227,0.66,1,FALSE,0,,,
228,0.64,1,FALSE,0,,,
229,0.62,1,FALSE,0,,,
230,0.6,1,FALSE,0,,,
231,0.58,1,FALSE,0,,,
232,0.56,1,FALSE,0,,,
233,0.54,1,FALSE,0,,,
234,0.52,1,FALSE,0,,,
235,0.5,1,FALSE,0,,,
236,0.48,1,FALSE,0,,,
237,0.46,1,FALSE,0,,,
238,0.44,1,FALSE,0,,,
239,0.42,1,FALSE,0,,,
240,0.4,1,TRUE,0,,,
241,0.45,1,TRUE,0,,,
242,0.5,1,TRUE,0,,,
243,0.55,1,TRUE,0,,,
244,0.6,1,TRUE,0,,,
245,0.65,1,TRUE,0,,,
246,0.7,1,TRUE,0,,,
247,0.75,1,TRUE,60,,,
248,0.8,1,TRUE,60,,,
249,0.85,1,TRUE,60,,,
250,0.9,1,TRUE,60,,,
251,0.95,1,TRUE,60,,,
252,1,1,TRUE,60,,,
253,1,1,TRUE,60,,,
254,1,1,TRUE,60,,,
255,1,1,TRUE,60,,,
256,1,1,TRUE,60,,,
257,1,1,TRUE,60,,,
258,1,1,TRUE,60,,,
259,1,1,TRUE,60,,,
260,1,1,TRUE,60,,,
261,1,1,TRUE,60,,,
262,1,1,TRUE,60,,,
263,1,1,TRUE,60,,,
264,1,1,TRUE,60,,,
265,1,1,TRUE,60,,,
266,1,1,TRUE,60,,,
267,1,1,TRUE,60,,,
268,1,1,TRUE,60,,,
269,1,1,TRUE,60,,,
270,1,1,FALSE,60,,,
271,0.98,1,FALSE,60,,,
272,0.96,1,FALSE,60,,,
273,0.94,1,FALSE,60,,,
274,0.92,1,FALSE,60,,,
275,0.9,1,FALSE,60,,,
276,0.88,1,FALSE,60,,,
277,0.86,1,FALSE,60,,,
278,0.84,1,FALSE,60,,,
279,0.82,1,FALSE,60,,,
280,0.8,1,FALSE,60,,,
281,0.78,1,FALSE,60,,,
282,0.76,1,FALSE,60,,,
283,0.74,1,FALSE,60,,,
284,0.72,1,FALSE,60,,,
285,0.7,1,FALSE,0,,,
286,0.68,1,FALSE,0,,,
287,0.66,1,FALSE,0,,,
288,0.64,1,FALSE,0,,,
289,0.62,1,FALSE,0,,,
290,0.6,1,FALSE,0,,,
291,0.58,1,FALSE,0,,,
292,0.56,1,FALSE,0,,,
293,0.54,1,FALSE,0,,,
294,0.52,1,FALSE,0,,,
295,0.5,1,FALSE,0,,,
296,0.48,1,FALSE,0,,,
297,0.46,1,FALSE,0,,,
298,0.44,1,FALSE,0,,,
299,0.42,1,FALSE,0,,,
300,0.4,1,TRUE,0,,,
301,0.45,1,TRUE,0,,,
302,0.5,1,TRUE,0,,,
303,0.55,1,TRUE,0,,,
304,0.6,1,TRUE,0,,,
305,0.65,1,TRUE,0,,,
306,0.7,1,TRUE,0,,,
307,0.75,1,TRUE,60,,,
308,0.8,1,TRUE,60,,,
309,0.85,1,TRUE,60,,,
310,0.9,1,TRUE,60,,,
311,0.95,1,TRUE,60,,,
312,1,1,TRUE,60,,,
313,1,1,TRUE,60,,,
314,1,1,TRUE,60,,,
315,1,1,TRUE,60,,,
316,1,1,TRUE,60,,,
317,1,1,TRUE,60,,,
318,1,1,TRUE,60,,,
319,1,1,TRUE,60,,,
320,1,1,TRUE,60,,,
321,1,1,TRUE,60,,,
322,1,1,TRUE,60,,,
323,1,1,TRUE,60,,,
324,1,1,TRUE,60,,,
325,1,1,TRUE,60,,,
326,1,1,TRUE,60,,,
327,1,1,TRUE,60,,,
328,1,1,TRUE,60,,,
329,1,1,TRUE,60,,,
330,1,1,FALSE,60,,,
331,0.98,1,FALSE,60,,,
332,0.96,1,FALSE,60,,,
333,0.94,1,FALSE,60,,,
334,0.92,1,FALSE,60,,,
335,0.9,1,FALSE,60,,,
336,0.88,1,FALSE,60,,,
337,0.86,1,FALSE,60,,,
338,0.84,1,FALSE,60,,,
339,0.82,1,FALSE,60,,,
340,0.8,1,FALSE,60,,,
341,0.78,1,FALSE,60,,,
342,0.76,1,FALSE,60,,,
343,0.74,1,FALSE,60,,,
344,0.72,1,FALSE,60,,,
345,0.7,1,FALSE,0,,,
346,0.68,1,FALSE,0,,,
347,0.66,1,FALSE,0,,,
348,0.64,1,FALSE,0,,,
349,0.62,1,FALSE,0,,,
350,0.6,1,FALSE,0,,,
351,0.58,1,FALSE,0,,,
352,0.56,1,FALSE,0,,,
353,0.54,1,FALSE,0,,,
354,0.52,1,FALSE,0,,,
355,0.5,1,FALSE,0,,,
356,0.48,1,FALSE,0,,,
357,0.46,1,FALSE,0,,,
358,0.44,1,FALSE,0,,,
359,0.42,1,FALSE,0,,,
360,0.4,1,TRUE,0,,,
361,0.45,1,TRUE,0,,,
362,0.5,1,TRUE,0,,,
363,0.55,1,TRUE,0,,,
364,0.6,1,TRUE,0,,,
365,0.65,1,TRUE,0,,,
366,0.7,1,TRUE,0,,,
367,0.75,1,TRUE,60,,,
368,0.8,1,TRUE,60,,,
369,0.85,1,TRUE,60,,,
370,0.9,1,TRUE,60,,,
371,0.95,1,TRUE,60,,,
372,1,1,TRUE,60,,,
373,1,1,TRUE,60,,,
374,1,1,TRUE,60,,,
375,1,1,TRUE,60,,,
376,1,1,TRUE,60,,,
377,1,1,TRUE,60,,,
378,1,1,TRUE,60,,,
379,1,1,TRUE,60,,,
380,1,1,TRUE,60,,,
381,1,1,TRUE,60,,,
382,1,1,TRUE,60,,,
383,1,1,TRUE,60,,,
384,1,1,TRUE,60,,,
385,1,1,TRUE,60,,,
386,1,1,TRUE,60,,,
387,1,1,TRUE,60,,,
388,1,1,TRUE,60,,,
389,1,1,TRUE,60,,,
390,1,1,FALSE,60,,,
391,0.98,1,FALSE,60,,,
392,0.96,1,FALSE,60,,,
393,0.94,1,FALSE,60,,,
394,0.92,1,FALSE,60,,,
395,0.9,1,FALSE,60,,,
396,0.88,1,FALSE,60,,,
397,0.86,1,FALSE,60,,,
398,0.84,1,FALSE,60,,,
399,0.82,1,FALSE,60,,,
400,0.8,1,FALSE,60,,,
401,0.78,1,FALSE,60,,,
402,0.76,1,FALSE,60,,,
403,0.74,1,FALSE,60,,,
404,0.72,1,FALSE,60,,,
405,0.7,1,FALSE,0,,,
406,0.68,1,FALSE,0,,,
407,0.66,1,FALSE,0,,,
408,0.64,1,FALSE,0,,,
409,0.62,1,FALSE,0,,,
410,0.6,1,FALSE,0,,,
411,0.58,1,FALSE,0,,,
412,0.56,1,FALSE,0,,,
413,0.54,1,FALSE,0,,,
414,0.52,1,FALSE,0,,,
415,0.5,1,FALSE,0,,,
416,0.48,1,FALSE,0,,,
417,0.46,1,FALSE,0,,,
418,0.44,1,FALSE,0,,,
419,0.42,1,FALSE,0,,,
420,0.4,1,TRUE,0,,,
421,0.45,1,TRUE,0,,,
422,0.5,1,TRUE,0,,,
423,0.55,1,TRUE,0,,,
424,0.6,1,TRUE,0,,,
425,0.65,1,TRUE,0,,,
426,0.7,1,TRUE,0,,,
427,0.75,1,TRUE,60,,,
428,0.8,1,TRUE,60,,,
429,0.85,1,TRUE,60,,,
430,0.9,1,TRUE,60,,,
431,0.95,1,TRUE,60,,,
432,1,1,TRUE,60,,,
433,1,1,TRUE,60,,,
434,1,1,TRUE,60,,,
435,1,1,TRUE,60,,,
436,1,1,TRUE,60,,,
437,1,1,TRUE,60,,,
438,1,1,TRUE,60,,,
439,1,1,TRUE,60,,,
440,1,1,TRUE,60,,,
441,1,1,TRUE,60,,,
442,1,1,TRUE,60,,,
443,1,1,TRUE,60,,,
444,1,1,TRUE,60,,,
445,1,1,TRUE,60,,,
446,1,1,TRUE,60,,,
447,1,1,TRUE,60,,,
448,1,1,TRUE,60,,,
449,1,1,TRUE,60,,,
450,1,1,FALSE,60,,,
451,0.98,1,FALSE,60,,,
452,0.96,1,FALSE,60,,,
453,0.94,1,FALSE,60,,,
454,0.92,1,FALSE,60,,,
455,0.9,1,FALSE,60,,,
456,0.88,1,FALSE,60,,,
457,0.86,1,FALSE,60,,,
458,0.84,1,FALSE,60,,,
459,0.82,1,FALSE,60,,,
460,0.8,1,FALSE,60,,,
461,0.78,1,FALSE,60,,,
462,0.76,1,FALSE,60,,,
463,0.74,1,FALSE,60,,,
464,0.72,1,FALSE,60,,,
465,0.7,1,FALSE,0,,,
466,0.68,1,FALSE,0,,,
467,0.66,1,FALSE,0,,,
468,0.64,1,FALSE,0,,,
469,0.62,1,FALSE,0,,,
470,0.6,1,FALSE,0,,,
471,0.58,1,FALSE,0,,,
472,0.56,1,FALSE,0,,,
473,0.54,1,FALSE,0,,,
474,0.52,1,FALSE,0,,,
475,0.5,1,FALSE,0,,,
476,0.48,1,FALSE,0,,,
477,0.46,1,FALSE,0,,,
478,0.44,1,FALSE,0,,,
479,0.42,1,FALSE,0,,,
480,0.4,1,TRUE,0,,,
481,0.45,1,TRUE,0,,,
482,0.5,1,TRUE,0,,,
483,0.55,1,TRUE,0,,,
484,0.6,1,TRUE,0,,,
485,0.65,1,TRUE,0,,,
486,0.7,1,TRUE,0,,,
487,0.75,1,TRUE,60,,,
488,0.8,1,TRUE,60,,,
489,0.85,1,TRUE,60,,,
490,0.9,1,TRUE,60,,,
491,0.95,1,TRUE,60,,,
492,1,1,TRUE,60,,,
493,1,1,TRUE,60,,,
494,1,1,TRUE,60,,,
495,1,1,TRUE,60,,,
496,1,1,TRUE,60,,,
497,1,1,TRUE,60,,,
498,1,1,TRUE,60,,,
499,1,1,TRUE,60,,,
500,1,1,TRUE,60,,,
501,1,1,TRUE,60,,,
502,1,1,TRUE,60,,,
503,1,1,TRUE,60,,,
504,1,1,TRUE,60,,,
505,1,1,TRUE,60,,,
506,1,1,TRUE,60,,,
507,1,1,TRUE,60,,,
508,1,1,TRUE,60,,,
509,1,1,TRUE,60,,,
510,1,1,FALSE,60,,,
511,0.98,1,FALSE,60,,,
512,0.96,1,FALSE,60,,,
513,0.94,1,FALSE,60,,,
514,0.92,1,FALSE,60,,,
515,0.9,1,FALSE,60,,,
516,0.88,1,FALSE,60,,,
517,0.86,1,FALSE,60,,,
518,0.84,1,FALSE,60,,,
519,0.82,1,FALSE,60,,,
520,0.8,1,FALSE,60,,,
521,0.78,1,FALSE,60,,,
522,0.76,1,FALSE,60,,,
523,0.74,1,FALSE,60,,,
524,0.72,1,FALSE,60,,,
525,0.7,1,FALSE,0,,,
526,0.68,1,FALSE,0,,,
527,0.66,1,FALSE,0,,,
528,0.64,1,FALSE,0,,,
529,0.62,1,FALSE,0,,,
530,0.6,1,FALSE,0,,,
531,0.58,1,FALSE,0,,,
532,0.56,1,FALSE,0,,,
533,0.54,1,FALSE,0,,,
534,0.52,1,FALSE,0,,,
535,0.5,1,FALSE,0,,,
536,0.48,1,FALSE,0,,,
537,0.46,1,FALSE,0,,,
538,0.44,1,FALSE,0,,,
539,0.42,1,FALSE,0,,,
540,0.4,1,TRUE,0,,,
541,0.45,1,TRUE,0,,,
542,0.5,1,TRUE,0,,,
543,0.55,1,TRUE,0,,,
544,0.6,1,TRUE,0,,,
545,0.65,1,TRUE,0,,,
546,0.7,1,TRUE,0,,,
547,0.75,1,TRUE,60,,,
548,0.8,1,TRUE,60,,,
549,0.85,1,TRUE,60,,,
550,0.9,1,TRUE,60,,,
551,0.95,1,TRUE,60,,,
552,1,1,TRUE,60,,,
553,1,1,TRUE,60,,,
554,1,1,TRUE,60,,,
555,1,1,TRUE,60,,,
556,1,1,TRUE,60,,,
557,1,1,TRUE,60,,,
558,1,1,TRUE,60,,,
559,1,1,TRUE,60,,,
560,1,1,TRUE,60,,,
561,1,1,TRUE,60,,,
562,1,1,TRUE,60,,,
563,1,1,TRUE,60,,,
564,1,1,TRUE,60,,,
565,1,1,TRUE,60,,,
566,1,1,TRUE,60,,,
567,1,1,TRUE,60,,,
568,1,1,TRUE,60,,,
569,1,1,TRUE,60,,,
570,1,1,FALSE,60,,,
571,0.98,1,FALSE,60,,,
572,0.96,1,FALSE,60,,,
573,0.94,1,FALSE,60,,,
574,0.92,1,FALSE,60,,,
575,0.9,1,FALSE,60,,,
576,0.88,1,FALSE,60,,,
577,0.86,1,FALSE,60,,,
578,0.84,1,FALSE,60,,,
579,0.82,1,FALSE,60,,,
580,0.8,1,FALSE,60,,,
581,0.78,1,FALSE,60,,,
582,0.76,1,FALSE,60,,,
583,0.74,1,FALSE,60,,,
584,0.72,1,FALSE,60,,,
585,0.7,1,FALSE,0,,,
586,0.68,1,FALSE,0,,,
587,0.66,1,FALSE,0,,,
588,0.64,1,FALSE,0,,,
589,0.62,1,FALSE,0,,,
590,0.6,1,FALSE,0,,,
591,0.58,1,FALSE,0,,,
592,0.56,1,FALSE,0,,,
593,0.54,1,FALSE,0,,,
594,0.52,1,FALSE,0,,,
595,0.5,1,FALSE,0,,,
596,0.48,1,FALSE,0,,,
597,0.46,1,FALSE,0,,,
598,0.44,1,FALSE,0,,,
599,0.42,1,FALSE,0,,,
600,0.4,1,TRUE,0,,,
601,0.45,1,TRUE,0,,,
602,0.5,1,TRUE,0,,,
603,0.55,1,TRUE,0,,,
604,0.6,1,TRUE,0,,,
605,0.65,1,TRUE,0,,,
606,0.7,1,TRUE,0,,,
607,0.75,1,TRUE,60,,,
608,0.8,1,TRUE,60,,,
609,0.85,1,TRUE,60,,,
610,0.9,1,TRUE,60,,,
611,0.95,1,TRUE,60,,,
612,1,1,TRUE,60,,,
613,1,1,TRUE,60,,,
614,1,1,TRUE,60,,,
615,1,1,TRUE,60,,,
616,1,1,TRUE,60,,,
617,1,1,TRUE,60,,,
618,1,1,TRUE,60,,,
619,1,1,TRUE,60,,,
620,1,1,TRUE,60,,,
621,1,1,TRUE,60,,,
622,1,1,TRUE,60,,,
623,1,1,TRUE,60,,,
624,1,1,TRUE,60,,,
625,1,1,TRUE,60,,,
626,1,1,TRUE,60,,,
627,1,1,TRUE,60,,,
628,1,1,TRUE,60,,,
629,1,1,TRUE,60,,,
630,1,1,FALSE,60,,,
631,0.98,1,FALSE,60,,,
632,0.96,1,FALSE,60,,,
633,0.94,1,FALSE,60,,,
634,0.92,1,FALSE,60,,,
635,0.9,1,FALSE,60,,,
636,0.88,1,FALSE,60,,,
637,0.86,1,FALSE,60,,,
638,0.84,1,FALSE,60,,,
639,0.82,1,FALSE,60,,,
640,0.8,1,FALSE,60,,,
641,0.78,1,FALSE,60,,,
642,0.76,1,FALSE,60,,,
643,0.74,1,FALSE,60,,,
644,0.72,1,FALSE,60,,,
645,0.7,1,FALSE,0,,,
646,0.68,1,FALSE,0,,,
647,0.66,1,FALSE,0,,,
648,0.64,1,FALSE,0,,,
649,0.62,1,FALSE,0,,,
650,0.6,1,FALSE,0,,,
651,0.58,1,FALSE,0,,,
652,0.56,1,FALSE,0,,,
653,0.54,1,FALSE,0,,,
654,0.52,1,FALSE,0,,,
655,0.5,1,FALSE,0,,,
656,0.48,1,FALSE,0,,,
657,0.46,1,FALSE,0,,,
658,0.44,1,FALSE,0,,,
659,0.42,1,FALSE,0,,,
660,0.4,1,TRUE,0,,,
661,0.45,1,TRUE,0,,,
662,0.5,1,TRUE,0,,,
663,0.55,1,TRUE,0,,,
664,0.6,1,TRUE,0,,,
665,0.65,1,TRUE,0,,,
666,0.7,1,TRUE,0,,,
667,0.75,1,TRUE,60,,,
668,0.8,1,TRUE,60,,,
669,0.85,1,TRUE,60,,,
670,0.9,1,TRUE,60,,,
671,0.95,1,TRUE,60,,,
672,1,1,TRUE,60,,,
673,1,1,TRUE,60,,,
674,1,1,TRUE,60,,,
675,1,1,TRUE,60,,,
676,1,1,TRUE,60,,,
677,1,1,TRUE,60,,,
678,1,1,TRUE,60,,,
679,1,1,TRUE,60,,,
680,1,1,TRUE,60,,,
681,1,1,TRUE,60,,,
682,1,1,TRUE,60,,,
683,1,1,TRUE,60,,,
684,1,1,TRUE,60,,,
685,1,1,TRUE,60,,,
686,1,1,TRUE,60,,,
687,1,1,TRUE,60,,,
688,1,1,TRUE,60,,,
689,1,1,TRUE,60,,,
690,1,1,FALSE,60,,,
691,0.98,1,FALSE,60,,,
692,0.96,1,FALSE,60,,,
693,0.94,1,FALSE,60,,,
694,0.92,1,FALSE,60,,,
695,0.9,1,FALSE,60,,,
696,0.88,1,FALSE,60,,,
697,0.86,1,FALSE,60,,,
698,0.84,1,FALSE,60,,,
699,0.82,1,FALSE,60,,,
700,0.8,1,FALSE,60,,,
701,0.78,1,FALSE,60,,,
702,0.76,1,FALSE,60,,,
703,0.74,1,FALSE,60,,,
704,0.72,1,FALSE,60,,,
705,0.7,1,FALSE,0,,,
706,0.68,1,FALSE,0,,,
707,0.66,1,FALSE,0,,,
708,0.64,1,FALSE,0,,,
709,0.62,1,FALSE,0,,,
710,0.6,1,FALSE,0,,,
711,0.58,1,FALSE,0,,,
712,0.56,1,FALSE,0,,,
713,0.54,1,FALSE,0,,,
714,0.52,1,FALSE,0,,,
715,0.5,1,FALSE,0,,,
716,0.48,1,FALSE,0,,,
717,0.46,1,FALSE,0,,,
718,0.44,1,FALSE,0,,,
719,0.42,1,FALSE,0,,,
720,0.4,1,TRUE,0,,,
721,0.45,1,TRUE,0,,,
722,0.5,1,TRUE,0,,,
723,0.55,1,TRUE,0,,,
724,0.6,1,TRUE,0,,,
725,0.65,1,TRUE,0,,,
726,0.7,1,TRUE,0,,,
727,0.75,1,TRUE,60,,,
728,0.8,1,TRUE,60,,,
729,0.85,1,TRUE,60,,,
730,0.9,1,TRUE,60,,,
731,0.95,1,TRUE,60,,,
732,1,1,TRUE,60,,,
733,1,1,TRUE,60,,,
734,1,1,TRUE,60,,,
735,1,1,TRUE,60,,,
736,1,1,TRUE,60,,,
737,1,1,TRUE,60,,,
738,1,1,TRUE,60,,,
739,1,1,TRUE,60,,,
740,1,1,TRUE,60,,,
741,1,1,TRUE,60,,,
742,1,1,TRUE,60,,,
743,1,1,TRUE,60,,,
744,1,1,TRUE,60,,,
745,1,1,TRUE,60,,,
746,1,1,TRUE,60,,,
747,1,1,TRUE,60,,,
748,1,1,TRUE,60,,,
749,1,1,TRUE,60,,,
750,1,1,FALSE,60,,,
751,0.98,1,FALSE,60,,,
752,0.96,1,FALSE,60,,,
753,0.94,1,FALSE,60,,,
754,0.92,1,FALSE,60,,,
755,0.9,1,FALSE,60,,,
756,0.88,1,FALSE,60,,,
757,0.86,1,FALSE,60,,,
758,0.84,1,FALSE,60,,,
759,0.82,1,FALSE,60,,,
760,0.8,1,FALSE,60,,,
761,0.78,1,FALSE,60,,,
762,0.76,1,FALSE,60,,,
763,0.74,1,FALSE,60,,,
764,0.72,1,FALSE,60,,,
765,0.7,1,FALSE,0,,,
766,0.68,1,FALSE,0,,,
767,0.66,1,FALSE,0,,,
768,0.64,1,FALSE,0,,,
769,0.62,1,FALSE,0,,,
770,0.6,1,FALSE,0,,,
771,0.58,1,FALSE,0,,,
772,0.56,1,FALSE,0,,,
773,0.54,1,FALSE,0,,,
774,0.52,1,FALSE,0,,,
775,0.5,1,FALSE,0,,,
776,0.48,1,FALSE,0,,,
777,0.46,1,FALSE,0,,,
778,0.44,1,FALSE,0,,,
779,0.42,1,FALSE,0,,,
780,0.4,1,TRUE,0,,,
781,0.45,1,TRUE,0,,,
782,0.5,1,TRUE,0,,,
783,0.55,1,TRUE,0,,,
784,0.6,1,TRUE,0,,,
785,0.65,1,TRUE,0,,,
786,0.7,1,TRUE,0,,,
787,0.75,1,TRUE,60,,,
788,0.8,1,TRUE,60,,,
789,0.85,1,TRUE,60,,,
790,0.9,1,TRUE,60,,,
791,0.95,1,TRUE,60,,,
792,1,1,TRUE,60,,,
793,1,1,TRUE,60,,,
794,1,1,TRUE,60,,,
795,1,1,TRUE,60,,,
796,1,1,TRUE,60,,,
797,1,1,TRUE,60,,,
798,1,1,TRUE,60,,,
799,1,1,TRUE,60,,,
800,1,1,TRUE,60,,,
801,1,1,TRUE,60,,,
802,1,1,TRUE,60,,,
803,1,1,TRUE,60,,,
804,1,1,TRUE,60,,,
805,1,1,TRUE,60,,,
806,1,1,TRUE,60,,,
807,1,1,TRUE,60,,,
808,1,1,TRUE,60,,,
809,1,1,TRUE,60,,,
810,1,1,FALSE,60,,,
811,0.98,1,FALSE,60,,,
812,0.96,1,FALSE,60,,,
813,0.94,1,FALSE,60,,,
814,0.92,1,FALSE,60,,,
815,0.9,1,FALSE,60,,,
816,0.88,1,FALSE,60,,,
817,0.86,1,FALSE,60,,,
818,0.84,1,FALSE,60,,,
819,0.82,1,FALSE,60,,,
820,0.8,1,FALSE,60,,,
821,0.78,1,FALSE,60,,,
822,0.76,1,FALSE,60,,,
823,0.74,1,FALSE,60,,,
824,0.72,1,FALSE,60,,,
825,0.7,1,FALSE,0,,,
826,0.68,1,FALSE,0,,,
827,0.66,1,FALSE,0,,,
828,0.64,1,FALSE,0,,,
829,0.62,1,FALSE,0,,,
830,0.6,1,FALSE,0,,,
831,0.58,1,FALSE,0,,,
832,0.56,1,FALSE,0,,,
833,0.54,1,FALSE,0,,,
834,0.52,1,FALSE,0,,,
835,0.5,1,FALSE,0,,,
836,0.48,1,FALSE,0,,,
837,0.46,1,FALSE,0,,,
838,0.44,1,FALSE,0,,,
839,0.42,1,FALSE,0,,,
840,0.4,1,TRUE,0,,,
841,0.45,1,TRUE,0,,,
842,0.5,1,TRUE,0,,,
843,0.55,1,TRUE,0,,,
844,0.6,1,TRUE,0,,,
845,0.65,1,TRUE,0,,,
846,0.7,1,TRUE,0,,,
847,0.75,1,TRUE,60,,,
848,0.8,1,TRUE,60,,,
849,0.85,1,TRUE,60,,,
850,0.9,1,TRUE,60,,,
851,0.95,1,TRUE,60,,,
852,1,1,TRUE,60,,,
853,1,1,TRUE,60,,,
854,1,1,TRUE,60,,,
855,1,1,TRUE,60,,,
856,1,1,TRUE,60,,,
857,1,1,TRUE,60,,,
858,1,1,TRUE,60,,,
859,1,1,TRUE,60,,,
860,1,1,TRUE,60,,,
861,1,1,TRUE,60,,,
862,1,1,TRUE,60,,,
863,1,1,TRUE,60,,,
864,1,1,TRUE,60,,,
865,1,1,TRUE,60,,,
866,1,1,TRUE,60,,,
867,1,1,TRUE,60,,,
868,1,1,TRUE,60,,,
869,1,1,TRUE,60,,,
870,1,1,FALSE,60,,,
871,0.98,1,FALSE,60,,,
872,0.96,1,FALSE,60,,,
873,0.94,1,FALSE,60,,,
874,0.92,1,FALSE,60,,,
875,0.9,1,FALSE,60,,,
876,0.88,1,FALSE,60,,,
877,0.86,1,FALSE,60,,,
878,0.84,1,FALSE,60,,,
879,0.82,1,FALSE,60,,,
880,0.8,1,FALSE,60,,,
881,0.78,1,FALSE,60,,,
882,0.76,1,FALSE,60,,,
883,0.74,1,FALSE,60,,,
884,0.72,1,FALSE,60,,,
885,0.7,1,FALSE,0,,,
886,0.68,1,FALSE,0,,,
887,0.66,1,FALSE,0,,,
888,0.64,1,FALSE,0,,,
889,0.62,1,FALSE,0,,,
890,0.6,1,FALSE,0,,,
891,0.58,1,FALSE,0,,,
892,0.56,1,FALSE,0,,,
893,0.54,1,FALSE,0,,,
894,0.52,1,FALSE,0,,,
895,0.5,1,FALSE,0,,,
896,0.48,1,FALSE,0,,,
897,0.46,1,FALSE,0,,,
898,0.44,1,FALSE,0,,,
899,0.42,1,FALSE,0,,,
900,0.4,1,TRUE,0,,,
901,0.45,1,TRUE,0,,,
902,0.5,1,TRUE,0,,,
903,0.55,1,TRUE,0,,,
904,0.6,1,TRUE,0,,,
905,0.65,1,TRUE,0,,,
906,0.7,1,TRUE,0,,,
907,0.75,1,TRUE,60,,,
908,0.8,1,TRUE,60,,,
909,0.85,1,TRUE,60,,,
910,0.9,1,TRUE,60,,,
911,0.95,1,TRUE,60,,,
912,1,1,TRUE,60,,,
913,1,1,TRUE,60,,,
914,1,1,TRUE,60,,,
915,1,1,TRUE,60,,,
916,1,1,TRUE,60,,,
917,1,1,TRUE,60,,,
918,1,1,TRUE,60,,,
919,1,1,TRUE,60,,,
920,1,1,TRUE,60,,,
921,1,1,TRUE,60,,,
922,1,1,TRUE,60,,,
923,1,1,TRUE,60,,,
924,1,1,TRUE,60,,,
925,1,1,TRUE,60,,,
926,1,1,TRUE,60,,,
927,1,1,TRUE,60,,,
928,1,1,TRUE,60,,,
929,1,1,TRUE,60,,,
930,1,1,FALSE,60,,,
931,0.98,1,FALSE,60,,,
932,0.96,1,FALSE,60,,,
933,0.94,1,FALSE,60,,,
934,0.92,1,FALSE,60,,,
935,0.9,1,FALSE,60,,,
936,0.88,1,FALSE,60,,,
937,0.86,1,FALSE,60,,,
938,0.84,1,FALSE,60,,,
939,0.82,1,FALSE,60,,,
940,0.8,1,FALSE,60,,,
941,0.78,1,FALSE,60,,,
942,0.76,1,FALSE,60,,,
943,0.74,1,FALSE,60,,,
944,0.72,1,FALSE,60,,,
945,0.7,1,FALSE,0,,,
946,0.68,1,FALSE,0,,,
947,0.66,1,FALSE,0,,,
948,0.64,1,FALSE,0,,,
949,0.62,1,FALSE,0,,,
950,0.6,1,FALSE,0,,,
951,0.58,1,FALSE,0,,,
952,0.56,1,FALSE,0,,,
953,0.54,1,FALSE,0,,,
954,0.52,1,FALSE,0,,,
955,0.5,1,FALSE,0,,,
956,0.48,1,FALSE,0,,,
957,0.46,1,FALSE,0,,,
958,0.44,1,FALSE,0,,,
959,0.42,1,FALSE,0,,,
960,0.4,1,TRUE,0,,,
961,0.45,1,TRUE,0,,,
962,0.5,1,TRUE,0,,,
963,0.55,1,TRUE,0,,,
964,0.6,1,TRUE,0,,,
965,0.65,1,TRUE,0,,,
966,0.7,1,TRUE,0,,,
967,0.75,1,TRUE,60,,,
968,0.8,1,TRUE,60,,,
969,0.85,1,TRUE,60,,,
970,0.9,1,TRUE,60,,,
971,0.95,1,TRUE,60,,,
972,1,1,TRUE,60,,,
973,1,1,TRUE,60,,,
974,1,1,TRUE,60,,,
975,1,1,TRUE,60,,,
976,1,1,TRUE,60,,,
977,1,1,TRUE,60,,,
978,1,1,TRUE,60,,,
979,1,1,TRUE,60,,,
980,1,1,TRUE,60,,,
981,1,1,TRUE,60,,,
982,1,1,TRUE,60,,,
983,1,1,TRUE,60,,,
984,1,1,TRUE,60,,,
985,1,1,TRUE,60,,,
986,1,1,TRUE,60,,,
987,1,1,TRUE,60,,,
988,1,1,TRUE,60,,,
989,1,1,TRUE,60,,,
990,1,1,FALSE,60,,,
991,0.98,1,FALSE,60,,,
992,0.96,1,FALSE,60,,,
993,0.94,1,FALSE,60,,,
994,0.92,1,FALSE,60,,,
995,0.9,1,FALSE,60,,,
996,0.88,1,FALSE,60,,,
997,0.86,1,FALSE,60,,,
998,0.84,1,FALSE,60,,,
999,0.82,1,FALSE,60,,,
1000,0.8,1,FALSE,60,,,
1001,0.78,1,FALSE,60,,,
1002,0.76,1,FALSE,60,,,
1003,0.74,1,FALSE,60,,,
1004,0.72,1,FALSE,60,,,
1005,0.7,1,FALSE,0,,,
1006,0.68,1,FALSE,0,,,
1007,0.66,1,FALSE,0,,,
1008,0.64,1,FALSE,0,,,
1009,0.62,1,FALSE,0,,,
1010,0.6,1,FALSE,0,,,
1011,0.58,1,FALSE,0,,,
1012,0.56,1,FALSE,0,,,
1013,0.54,1,FALSE,0,,,
1014,0.52,1,FALSE,0,,,
1015,0.5,1,FALSE,0,,,
1016,0.48,1,FALSE,0,,,
1017,0.46,1,FALSE,0,,,
1018,0.44,1,FALSE,0,,,
1019,0.42,1,FALSE,0,,,
1020,0.4,1,TRUE,0,,,
1021,0.45,1,TRUE,0,,,
1022,0.5,1,TRUE,0,,,
1023,0.55,1,TRUE,0,,,
1024,0.6,1,TRUE,0,,,
1025,0.65,1,TRUE,0,,,
1026,0.7,1,TRUE,0,,,
1027,0.75,1,TRUE,60,,,
1028,0.8,1,TRUE,60,,,
1029,0.85,1,TRUE,60,,,
1030,0.9,1,TRUE,60,,,
1031,0.95,1,TRUE,60,,,
1032,1,1,TRUE,60,,,
1033,1,1,TRUE,60,,,
1034,1,1,TRUE,60,,,
1035,1,1,TRUE,60,,,
1036,1,1,TRUE,60,,,
1037,1,1,TRUE,60,,,
1038,1,1,TRUE,60,,,
1039,1,1,TRUE,60,,,
1040,1,1,TRUE,60,,,
1041,1,1,TRUE,60,,,
1042,1,1,TRUE,60,,,
1043,1,1,TRUE,60,,,
1044,1,1,TRUE,60,,,
1045,1,1,TRUE,60,,,
1046,1,1,TRUE,60,,,
1047,1,1,TRUE,60,,,
1048,1,1,TRUE,60,,,
1049,1,1,TRUE,60,,,
1050,1,1,FALSE,60,,,
1051,0.98,1,FALSE,60,,,
1052,0.96,1,FALSE,60,,,
1053,0.94,1,FALSE,60,,,
1054,0.92,1,FALSE,60,,,
1055,0.9,1,FALSE,60,,,
1056,0.88,1,FALSE,60,,,
1057,0.86,1,FALSE,60,,,
1058,0.84,1,FALSE,60,,,
1059,0.82,1,FALSE,60,,,
1060,0.8,1,FALSE,60,,,
1061,0.78,1,FALSE,60,,,
1062,0.76,1,FALSE,60,,,
1063,0.74,1,FALSE,60,,,
1064,0.72,1,FALSE,60,,,
1065,0.7,1,FALSE,0,,,
1066,0.68,1,FALSE,0,,,
1067,0.66,1,FALSE,0,,,
1068,0.64,1,FALSE,0,,,
1069,0.62,1,FALSE,0,,,
1070,0.6,1,FALSE,0,,,
1071,0.58,1,FALSE,0,,,
1072,0.56,1,FALSE,0,,,
1073,0.54,1,FALSE,0,,,
1074,0.52,1,FALSE,0,,,
1075,0.5,1,FALSE,0,,,
1076,0.48,1,FALSE,0,,,
1077,0.46,1,FALSE,0,,,
1078,0.44,1,FALSE,0,,,
1079,0.42,1,FALSE,0,,,
1080,0.4,1,TRUE,0,,,
1081,0.45,1,TRUE,0,,,
1082,0.5,1,TRUE,0,,,
1083,0.55,1,TRUE,0,,,
1084,0.6,1,TRUE,0,,,
1085,0.65,1,TRUE,0,,,
1086,0.7,1,TRUE,0,,,
1087,0.75,1,TRUE,60,,,
1088,0.8,1,TRUE,60,,,
1089,0.85,1,TRUE,60,,,
1090,0.9,1,TRUE,60,,,
1091,0.95,1,TRUE,60,,,
1092,1,1,TRUE,60,,,
1093,1,1,TRUE,60,,,
1094,1,1,TRUE,60,,,
1095,1,1,TRUE,60,,,
1096,1,1,TRUE,60,,,
1097,1,1,TRUE,60,,,
1098,1,1,TRUE,60,,,
1099,1,1,TRUE,60,,,
1100,1,1,TRUE,60,,,
1101,1,1,TRUE,60,,,
1102,1,1,TRUE,60,,,
1103,1,1,TRUE,60,,,
1104,1,1,TRUE,60,,,
1105,1,1,TRUE,60,,,
1106,1,1,TRUE,60,,,
1107,1,1,TRUE,60,,,
1108,1,1,TRUE,60,,,
1109,1,1,TRUE,60,,,
1110,1,1,FALSE,60,,,
1111,0.98,1,FALSE,60,,,
1112,0.96,1,FALSE,60,,,
1113,0.94,1,FALSE,60,,,
1114,0.92,1,FALSE,60,,,
1115,0.9,1,FALSE,60,,,
1116,0.88,1,FALSE,60,,,
1117,0.86,1,FALSE,60,,,
1118,0.84,1,FALSE,60,,,
1119,0.82,1,FALSE,60,,,
1120,0.8,1,FALSE,60,,,
1121,0.78,1,FALSE,60,,,
1122,0.76,1,FALSE,60,,,
1123,0.74,1,FALSE,60,,,
1124,0.72,1,FALSE,60,,,
1125,0.7,1,FALSE,0,,,
1126,0.68,1,FALSE,0,,,
1127,0.66,1,FALSE,0,,,
1128,0.64,1,FALSE,0,,,
1129,0.62,1,FALSE,0,,,
1130,0.6,1,FALSE,0,,,
1131,0.58,1,FALSE,0,,,
1132,0.56,1,FALSE,0,,,
1133,0.54,1,FALSE,0,,,
1134,0.52,1,FALSE,0,,,
1135,0.5,1,FALSE,0,,,
1136,0.48,1,FALSE,0,,,
1137,0.46,1,FALSE,0,,,
1138,0.44,1,FALSE,0,,,
1139,0.42,1,FALSE,0,,,
1140,0.4,1,TRUE,0,,,
1141,0.45,1,TRUE,0,,,
1142,0.5,1,TRUE,0,,,
1143,0.55,1,TRUE,0,,,
1144,0.6,1,TRUE,0,,,
1145,0.65,1,TRUE,0,,,
1146,0.7,1,TRUE,0,,,
1147,0.75,1,TRUE,60,,,
1148,0.8,1,TRUE,60,,,
1149,0.85,1,TRUE,60,,,
1150,0.9,1,TRUE,60,,,
1151,0.95,1,TRUE,60,,,
1152,1,1,TRUE,60,,,
1153,1,1,TRUE,60,,,
1154,1,1,TRUE,60,,,
1155,1,1,TRUE,60,,,
1156,1,1,TRUE,60,,,
1157,1,1,TRUE,60,,,
1158,1,1,TRUE,60,,,
1159,1,1,TRUE,60,,,
1160,1,1,TRUE,60,,,
1161,1,1,TRUE,60,,,
1162,1,1,TRUE,60,,,
1163,1,1,TRUE,60,,,
1164,1,1,TRUE,60,,,
1165,1,1,TRUE,60,,,
1166,1,1,TRUE,60,,,
1167,1,1,TRUE,60,,,
1168,1,1,TRUE,60,,,
1169,1,1,TRUE,60,,,
1170,1,1,FALSE,60,,,
1171,0.98,1,FALSE,60,,,
1172,0.96,1,FALSE,60,,,
1173,0.94,1,FALSE,60,,,
1174,0.92,1,FALSE,60,,,
1175,0.9,1,FALSE,60,,,
1176,0.88,1,FALSE,60,,,
1177,0.86,1,FALSE,60,,,
1178,0.84,1,FALSE,60,,,
1179,0.82,1,FALSE,60,,,
1180,0.8,1,FALSE,60,,,
1181,0.78,1,FALSE,60,,,
1182,0.76,1,FALSE,60,,,
1183,0.74,1,FALSE,60,,,
1184,0.72,1,FALSE,60,,,
1185,0.7,1,FALSE,0,,,
1186,0.68,1,FALSE,0,,,
1187,0.66,1,FALSE,0,,,
1188,0.64,1,FALSE,0,,,
1189,0.62,1,FALSE,0,,,
1190,0.6,1,FALSE,0,,,
1191,0.58,1,FALSE,0,,,
1192,0.56,1,FALSE,0,,,
1193,0.54,1,FALSE,0,,,
1194,0.52,1,FALSE,0,,,
1195,0.5,1,FALSE,0,,,
1196,0.48,1,FALSE,0,,,
1197,0.46,1,FALSE,0,,,
1198,0.44,1,FALSE,0,,,
1199,0.42,1,FALSE,0,,,
1200,0.4,1,TRUE,0,,,
1201,0.45,1,TRUE,0,,,
1202,0.5,1,TRUE,0,,,
1203,0.55,1,TRUE,0,,,
1204,0.6,1,TRUE,0,,,
1205,0.65,1,TRUE,0,,,
1206,0.7,1,TRUE,0,,,
1207,0.75,1,TRUE,60,,,
1208,0.8,1,TRUE,60,,,
1209,0.85,1,TRUE,60,,,
1210,0.9,1,TRUE,60,,,
1211,0.95,1,TRUE,60,,,
1212,1,1,TRUE,60,,,
1213,1,1,TRUE,60,,,
1214,1,1,TRUE,60,,,
1215,1,1,TRUE,60,,,
1216,1,1,TRUE,60,,,
1217,1,1,TRUE,60,,,
1218,1,1,TRUE,60,,,
1219,1,1,TRUE,60,,,
1220,1,1,TRUE,60,,,
1221,1,1,TRUE,60,,,
1222,1,1,TRUE,60,,,
1223,1,1,TRUE,60,,,
1224,1,1,TRUE,60,,,
1225,1,1,TRUE,60,,,
1226,1,1,TRUE,60,,,
1227,1,1,TRUE,60,,,
1228,1,1,TRUE,60,,,
1229,1,1,TRUE,60,,,
1230,1,1,FALSE,60,,,
1231,0.98,1,FALSE,60,,,
1232,0.96,1,FALSE,60,,,
1233,0.94,1,FALSE,60,,,
1234,0.92,1,FALSE,60,,,
1235,0.9,1,FALSE,60,,,
1236,0.88,1,FALSE,60,,,
1237,0.86,1,FALSE,60,,,
1238,0.84,1,FALSE,60,,,
1239,0.82,1,FALSE,60,,,
1240,0.8,1,FALSE,60,,,
1241,0.78,1,FALSE,60,,,
1242,0.76,1,FALSE,60,,,
1243,0.74,1,FALSE,60,,,
1244,0.72,1,FALSE,60,,,
1245,0.7,1,FALSE,0,,,
1246,0.68,1,FALSE,0,,,
1247,0.66,1,FALSE,0,,,
1248,0.64,1,FALSE,0,,,
1249,0.62,1,FALSE,0,,,
1250,0.6,1,FALSE,0,,,
1251,0.58,1,FALSE,0,,,
1252,0.56,1,FALSE,0,,,
1253,0.54,1,FALSE,0,,,
1254,0.52,1,FALSE,0,,,
1255,0.5,1,FALSE,0,,,
1256,0.48,1,FALSE,0,,,
1257,0.46,1,FALSE,0,,,
1258,0.44,1,FALSE,0,,,
1259,0.42,1,FALSE,0,,,
1260,0.4,1,TRUE,0,,,
1261,0.45,1,TRUE,0,,,
1262,0.5,1,TRUE,0,,,
1263,0.55,1,TRUE,0,,,
1264,0.6,1,TRUE,0,,,
1265,0.65,1,TRUE,0,,,
1266,0.7,1,TRUE,0,,,
1267,0.75,1,TRUE,60,,,
1268,0.8,1,TRUE,60,,,
1269,0.85,1,TRUE,60,,,
1270,0.9,1,TRUE,60,,,
1271,0.95,1,TRUE,60,,,
1272,1,1,TRUE,60,,,
1273,1,1,TRUE,60,,,
1274,1,1,TRUE,60,,,
1275,1,1,TRUE,60,,,
1276,1,1,TRUE,60,,,
1277,1,1,TRUE,60,,,
1278,1,1,TRUE,60,,,
1279,1,1,TRUE,60,,,
1280,1,1,TRUE,60,,,
1281,1,1,TRUE,60,,,
1282,1,1,TRUE,60,,,
1283,1,1,TRUE,60,,,
1284,1,1,TRUE,60,,,
1285,1,1,TRUE,60,,,
1286,1,1,TRUE,60,,,
1287,1,1,TRUE,60,,,
1288,1,1,TRUE,60,,,
1289,1,1,TRUE,60,,,
1290,1,1,FALSE,60,,,
1291,0.98,1,FALSE,60,,,
1292,0.96,1,FALSE,60,,,
1293,0.94,1,FALSE,60,,,
1294,0.92,1,FALSE,60,,,
1295,0.9,1,FALSE,60,,,
1296,0.88,1,FALSE,60,,,
1297,0.86,1,FALSE,60,,,
1298,0.84,1,FALSE,60,,,
1299,0.82,1,FALSE,60,,,
1300,0.8,1,FALSE,60,,,
1301,0.78,1,FALSE,60,,,
1302,0.76,1,FALSE,60,,,
1303,0.74,1,FALSE,60,,,
1304,0.72,1,FALSE,60,,,
1305,0.7,1,FALSE,0,,,
1306,0.68,1,FALSE,0,,,
1307,0.66,1,FALSE,0,,,
1308,0.64,1,FALSE,0,,,
1309,0.62,1,FALSE,0,,,
1310,0.6,1,FALSE,0,,,
1311,0.58,1,FALSE,0,,,
1312,0.56,1,FALSE,0,,,
1313,0.54,1,FALSE,0,,,
1314,0.52,1,FALSE,0,,,
1315,0.5,1,FALSE,0,,,
1316,0.48,1,FALSE,0,,,
1317,0.46,1,FALSE,0,,,
1318,0.44,1,FALSE,0,,,
1319,0.42,1,FALSE,0,,,
1320,0.4,1,TRUE,0,,,
1321,0.45,1,TRUE,0,,,
1322,0.5,1,TRUE,0,,,
1323,0.55,1,TRUE,0,,,
1324,0.6,1,TRUE,0,,,
1325,0.65,1,TRUE,0,,,
1326,0.7,1,TRUE,0,,,
1327,0.75,1,TRUE,60,,,
1328,0.8,1,TRUE,60,,,
1329,0.85,1,TRUE,60,,,
1330,0.9,1,TRUE,60,,,
1331,0.95,1,TRUE,60,,,
1332,1,1,TRUE,60,,,
1333,1,1,TRUE,60,,,
1334,1,1,TRUE,60,,,
1335,1,1,TRUE,60,,,
1336,1,1,TRUE,60,,,
1337,1,1,TRUE,60,,,
1338,1,1,TRUE,60,,,
1339,1,1,TRUE,60,,,
1340,1,1,TRUE,60,,,
1341,1,1,TRUE,60,,,
1342,1,1,TRUE,60,,,
1343,1,1,TRUE,60,,,
1344,1,1,TRUE,60,,,
1345,1,1,TRUE,60,,,
1346,1,1,TRUE,60,,,
1347,1,1,TRUE,60,,,
1348,1,1,TRUE,60,,,
1349,1,1,TRUE,60,,,
1350,1,1,FALSE,60,,,
1351,0.98,1,FALSE,60,,,
1352,0.96,1,FALSE,60,,,
1353,0.94,1,FALSE,60,,,
1354,0.92,1,FALSE,60,,,
1355,0.9,1,FALSE,60,,,
1356,0.88,1,FALSE,60,,,
1357,0.86,1,FALSE,60,,,
1358,0.84,1,FALSE,60,,,
1359,0.82,1,FALSE,60,,,
1360,0.8,1,FALSE,60,,,
1361,0.78,1,FALSE,60,,,
1362,0.76,1,FALSE,60,,,
1363,0.74,1,FALSE,60,,,
1364,0.72,1,FALSE,60,,,
1365,0.7,1,FALSE,0,,,
1366,0.68,1,FALSE,0,,,
1367,0.66,1,FALSE,0,,,
1368,0.64,1,FALSE,0,,,
1369,0.62,1,FALSE,0,,,
1370,0.6,1,FALSE,0,,,
1371,0.58,1,FALSE,0,,,
1372,0.56,1,FALSE,0,,,
1373,0.54,1,FALSE,0,,,
1374,0.52,1,FALSE,0,,,
1375,0.5,1,FALSE,0,,,
1376,0.48,1,FALSE,0,,,
1377,0.46,1,FALSE,0,,,
1378,0.44,1,FALSE,0,,,
1379,0.42,1,FALSE,0,,,
1380,0.4,1,TRUE,0,,,
1381,0.45,1,TRUE,0,,,
1382,0.5,1,TRUE,0,,,
1383,0.55,1,TRUE,0,,,
1384,0.6,1,TRUE,0,,,
1385,0.65,1,TRUE,0,,,
1386,0.7,1,TRUE,0,,,
1387,0.75,1,TRUE,60,,,
1388,0.8,1,TRUE,60,,,
1389,0.85,1,TRUE,60,,,
1390,0.9,1,TRUE,60,,,
1391,0.95,1,TRUE,60,,,
1392,1,1,TRUE,60,,,
1393,1,1,TRUE,60,,,
1394,1,1,TRUE,60,,,
1395,1,1,TRUE,60,,,
1396,1,1,TRUE,60,,,
1397,1,1,TRUE,60,,,
1398,1,1,TRUE,60,,,
1399,1,1,TRUE,60,,,
1400,1,1,TRUE,60,,,